type,time,x,y,z,var,channel,value,sigma,qc
radiosonde,0,20000,30000,500,u,-1,5.000,1.0,0
radiosonde,0,20000,30000,500,v,-1,-2.000,1.0,0
radiosonde,0,20000,30000,500,t,-1,284.750,1.0,0
radiosonde,0,20000,30000,500,q,-1,0.010,0.0015,0
radiosonde,1800,20000,30000,2000,u,-1,5.000,1.0,0
radiosonde,1800,20000,30000,2000,v,-1,-2.000,1.0,0
radiosonde,1800,20000,30000,2000,t,-1,275.000,1.0,0
radiosonde,1800,20000,30000,2000,q,-1,0.010,0.0015,0
radiosonde,3600,20000,30000,3500,u,-1,5.000,1.0,0
radiosonde,3600,20000,30000,3500,v,-1,-2.000,1.0,0
radiosonde,3600,20000,30000,3500,t,-1,265.250,1.0,0
radiosonde,3600,20000,30000,3500,q,-1,0.010,0.0015,0
radiosonde,5400,20000,30000,5000,u,-1,5.000,1.0,0
radiosonde,5400,20000,30000,5000,v,-1,-2.000,1.0,0
radiosonde,5400,20000,30000,5000,t,-1,255.500,1.0,0
radiosonde,5400,20000,30000,5000,q,-1,0.010,0.0015,0
radiosonde,7200,20000,30000,6500,u,-1,5.000,1.0,0
radiosonde,7200,20000,30000,6500,v,-1,-2.000,1.0,0
radiosonde,7200,20000,30000,6500,t,-1,245.750,1.0,0
radiosonde,7200,20000,30000,6500,q,-1,0.010,0.0015,0
radiosonde,9000,20000,30000,8000,u,-1,5.000,1.0,0
radiosonde,9000,20000,30000,8000,v,-1,-2.000,1.0,0
radiosonde,9000,20000,30000,8000,t,-1,236.000,1.0,0
radiosonde,9000,20000,30000,8000,q,-1,0.010,0.0015,0
radiosonde,10800,20000,30000,9500,u,-1,5.000,1.0,0
radiosonde,10800,20000,30000,9500,v,-1,-2.000,1.0,0
radiosonde,10800,20000,30000,9500,t,-1,226.250,1.0,0
radiosonde,10800,20000,30000,9500,q,-1,0.010,0.0015,0
radiosonde,12600,20000,30000,11000,u,-1,5.000,1.0,0
radiosonde,12600,20000,30000,11000,v,-1,-2.000,1.0,0
radiosonde,12600,20000,30000,11000,t,-1,216.500,1.0,0
radiosonde,12600,20000,30000,11000,q,-1,0.010,0.0015,0
radiosonde,0,23000,32500,500,u,-1,5.300,1.0,0
radiosonde,0,23000,32500,500,v,-1,-1.800,1.0,0
radiosonde,0,23000,32500,500,t,-1,284.750,1.0,0
radiosonde,0,23000,32500,500,q,-1,0.010,0.0015,0
radiosonde,1800,23000,32500,2000,u,-1,5.300,1.0,0
radiosonde,1800,23000,32500,2000,v,-1,-1.800,1.0,0
radiosonde,1800,23000,32500,2000,t,-1,275.000,1.0,0
radiosonde,1800,23000,32500,2000,q,-1,0.010,0.0015,0
radiosonde,3600,23000,32500,3500,u,-1,5.300,1.0,0
radiosonde,3600,23000,32500,3500,v,-1,-1.800,1.0,0
radiosonde,3600,23000,32500,3500,t,-1,265.250,1.0,0
radiosonde,3600,23000,32500,3500,q,-1,0.010,0.0015,0
radiosonde,5400,23000,32500,5000,u,-1,5.300,1.0,0
radiosonde,5400,23000,32500,5000,v,-1,-1.800,1.0,0
radiosonde,5400,23000,32500,5000,t,-1,255.500,1.0,0
radiosonde,5400,23000,32500,5000,q,-1,0.010,0.0015,0
radiosonde,7200,23000,32500,6500,u,-1,5.300,1.0,0
radiosonde,7200,23000,32500,6500,v,-1,-1.800,1.0,0
radiosonde,7200,23000,32500,6500,t,-1,245.750,1.0,0
radiosonde,7200,23000,32500,6500,q,-1,0.010,0.0015,0
radiosonde,9000,23000,32500,8000,u,-1,5.300,1.0,0
radiosonde,9000,23000,32500,8000,v,-1,-1.800,1.0,0
radiosonde,9000,23000,32500,8000,t,-1,236.000,1.0,0
radiosonde,9000,23000,32500,8000,q,-1,0.010,0.0015,0
radiosonde,10800,23000,32500,9500,u,-1,5.300,1.0,0
radiosonde,10800,23000,32500,9500,v,-1,-1.800,1.0,0
radiosonde,10800,23000,32500,9500,t,-1,226.250,1.0,0
radiosonde,10800,23000,32500,9500,q,-1,0.010,0.0015,0
radiosonde,12600,23000,32500,11000,u,-1,5.300,1.0,0
radiosonde,12600,23000,32500,11000,v,-1,-1.800,1.0,0
radiosonde,12600,23000,32500,11000,t,-1,216.500,1.0,0
radiosonde,12600,23000,32500,11000,q,-1,0.010,0.0015,0
radiosonde,0,26000,35000,500,u,-1,5.600,1.0,0
radiosonde,0,26000,35000,500,v,-1,-1.600,1.0,0
radiosonde,0,26000,35000,500,t,-1,284.750,1.0,0
radiosonde,0,26000,35000,500,q,-1,0.010,0.0015,0
radiosonde,1800,26000,35000,2000,u,-1,5.600,1.0,0
radiosonde,1800,26000,35000,2000,v,-1,-1.600,1.0,0
radiosonde,1800,26000,35000,2000,t,-1,275.000,1.0,0
radiosonde,1800,26000,35000,2000,q,-1,0.010,0.0015,0
radiosonde,3600,26000,35000,3500,u,-1,5.600,1.0,0
radiosonde,3600,26000,35000,3500,v,-1,-1.600,1.0,0
radiosonde,3600,26000,35000,3500,t,-1,265.250,1.0,0
radiosonde,3600,26000,35000,3500,q,-1,0.010,0.0015,0
radiosonde,5400,26000,35000,5000,u,-1,5.600,1.0,0
radiosonde,5400,26000,35000,5000,v,-1,-1.600,1.0,0
radiosonde,5400,26000,35000,5000,t,-1,255.500,1.0,0
radiosonde,5400,26000,35000,5000,q,-1,0.010,0.0015,0
radiosonde,7200,26000,35000,6500,u,-1,5.600,1.0,0
radiosonde,7200,26000,35000,6500,v,-1,-1.600,1.0,0
radiosonde,7200,26000,35000,6500,t,-1,245.750,1.0,0
radiosonde,7200,26000,35000,6500,q,-1,0.010,0.0015,0
radiosonde,9000,26000,35000,8000,u,-1,5.600,1.0,0
radiosonde,9000,26000,35000,8000,v,-1,-1.600,1.0,0
radiosonde,9000,26000,35000,8000,t,-1,236.000,1.0,0
radiosonde,9000,26000,35000,8000,q,-1,0.010,0.0015,0
radiosonde,10800,26000,35000,9500,u,-1,5.600,1.0,0
radiosonde,10800,26000,35000,9500,v,-1,-1.600,1.0,0
radiosonde,10800,26000,35000,9500,t,-1,226.250,1.0,0
radiosonde,10800,26000,35000,9500,q,-1,0.010,0.0015,0
radiosonde,12600,26000,35000,11000,u,-1,5.600,1.0,0
radiosonde,12600,26000,35000,11000,v,-1,-1.600,1.0,0
radiosonde,12600,26000,35000,11000,t,-1,216.500,1.0,0
radiosonde,12600,26000,35000,11000,q,-1,0.010,0.0015,0
radiosonde,0,29000,37500,500,u,-1,5.900,1.0,0
radiosonde,0,29000,37500,500,v,-1,-1.400,1.0,0
radiosonde,0,29000,37500,500,t,-1,284.750,1.0,0
radiosonde,0,29000,37500,500,q,-1,0.010,0.0015,0
radiosonde,1800,29000,37500,2000,u,-1,5.900,1.0,0
radiosonde,1800,29000,37500,2000,v,-1,-1.400,1.0,0
radiosonde,1800,29000,37500,2000,t,-1,275.000,1.0,0
radiosonde,1800,29000,37500,2000,q,-1,0.010,0.0015,0
radiosonde,3600,29000,37500,3500,u,-1,5.900,1.0,0
radiosonde,3600,29000,37500,3500,v,-1,-1.400,1.0,0
radiosonde,3600,29000,37500,3500,t,-1,265.250,1.0,0
radiosonde,3600,29000,37500,3500,q,-1,0.010,0.0015,0
radiosonde,5400,29000,37500,5000,u,-1,5.900,1.0,0
radiosonde,5400,29000,37500,5000,v,-1,-1.400,1.0,0
radiosonde,5400,29000,37500,5000,t,-1,255.500,1.0,0
radiosonde,5400,29000,37500,5000,q,-1,0.010,0.0015,0
radiosonde,7200,29000,37500,6500,u,-1,5.900,1.0,0
radiosonde,7200,29000,37500,6500,v,-1,-1.400,1.0,0
radiosonde,7200,29000,37500,6500,t,-1,245.750,1.0,0
radiosonde,7200,29000,37500,6500,q,-1,0.010,0.0015,0
radiosonde,9000,29000,37500,8000,u,-1,5.900,1.0,0
radiosonde,9000,29000,37500,8000,v,-1,-1.400,1.0,0
radiosonde,9000,29000,37500,8000,t,-1,236.000,1.0,0
radiosonde,9000,29000,37500,8000,q,-1,0.010,0.0015,0
radiosonde,10800,29000,37500,9500,u,-1,5.900,1.0,0
radiosonde,10800,29000,37500,9500,v,-1,-1.400,1.0,0
radiosonde,10800,29000,37500,9500,t,-1,226.250,1.0,0
radiosonde,10800,29000,37500,9500,q,-1,0.010,0.0015,0
radiosonde,12600,29000,37500,11000,u,-1,5.900,1.0,0
radiosonde,12600,29000,37500,11000,v,-1,-1.400,1.0,0
radiosonde,12600,29000,37500,11000,t,-1,216.500,1.0,0
radiosonde,12600,29000,37500,11000,q,-1,0.010,0.0015,0
radiosonde,0,32000,40000,500,u,-1,6.200,1.0,0
radiosonde,0,32000,40000,500,v,-1,-1.200,1.0,0
radiosonde,0,32000,40000,500,t,-1,284.750,1.0,0
radiosonde,0,32000,40000,500,q,-1,0.010,0.0015,0
radiosonde,1800,32000,40000,2000,u,-1,6.200,1.0,0
radiosonde,1800,32000,40000,2000,v,-1,-1.200,1.0,0
radiosonde,1800,32000,40000,2000,t,-1,275.000,1.0,0
radiosonde,1800,32000,40000,2000,q,-1,0.010,0.0015,0
radiosonde,3600,32000,40000,3500,u,-1,6.200,1.0,0
radiosonde,3600,32000,40000,3500,v,-1,-1.200,1.0,0
radiosonde,3600,32000,40000,3500,t,-1,265.250,1.0,0
radiosonde,3600,32000,40000,3500,q,-1,0.010,0.0015,0
radiosonde,5400,32000,40000,5000,u,-1,6.200,1.0,0
radiosonde,5400,32000,40000,5000,v,-1,-1.200,1.0,0
radiosonde,5400,32000,40000,5000,t,-1,255.500,1.0,0
radiosonde,5400,32000,40000,5000,q,-1,0.010,0.0015,0
radiosonde,7200,32000,40000,6500,u,-1,6.200,1.0,0
radiosonde,7200,32000,40000,6500,v,-1,-1.200,1.0,0
radiosonde,7200,32000,40000,6500,t,-1,245.750,1.0,0
radiosonde,7200,32000,40000,6500,q,-1,0.010,0.0015,0
radiosonde,9000,32000,40000,8000,u,-1,6.200,1.0,0
radiosonde,9000,32000,40000,8000,v,-1,-1.200,1.0,0
radiosonde,9000,32000,40000,8000,t,-1,236.000,1.0,0
radiosonde,9000,32000,40000,8000,q,-1,0.010,0.0015,0
radiosonde,10800,32000,40000,9500,u,-1,6.200,1.0,0
radiosonde,10800,32000,40000,9500,v,-1,-1.200,1.0,0
radiosonde,10800,32000,40000,9500,t,-1,226.250,1.0,0
radiosonde,10800,32000,40000,9500,q,-1,0.010,0.0015,0
radiosonde,12600,32000,40000,11000,u,-1,6.200,1.0,0
radiosonde,12600,32000,40000,11000,v,-1,-1.200,1.0,0
radiosonde,12600,32000,40000,11000,t,-1,216.500,1.0,0
radiosonde,12600,32000,40000,11000,q,-1,0.010,0.0015,0
radiosonde,0,35000,42500,500,u,-1,6.500,1.0,0
radiosonde,0,35000,42500,500,v,-1,-1.000,1.0,0
radiosonde,0,35000,42500,500,t,-1,284.750,1.0,0
radiosonde,0,35000,42500,500,q,-1,0.010,0.0015,0
radiosonde,1800,35000,42500,2000,u,-1,6.500,1.0,0
radiosonde,1800,35000,42500,2000,v,-1,-1.000,1.0,0
radiosonde,1800,35000,42500,2000,t,-1,275.000,1.0,0
radiosonde,1800,35000,42500,2000,q,-1,0.010,0.0015,0
radiosonde,3600,35000,42500,3500,u,-1,6.500,1.0,0
radiosonde,3600,35000,42500,3500,v,-1,-1.000,1.0,0
radiosonde,3600,35000,42500,3500,t,-1,265.250,1.0,0
radiosonde,3600,35000,42500,3500,q,-1,0.010,0.0015,0
radiosonde,5400,35000,42500,5000,u,-1,6.500,1.0,0
radiosonde,5400,35000,42500,5000,v,-1,-1.000,1.0,0
radiosonde,5400,35000,42500,5000,t,-1,255.500,1.0,0
radiosonde,5400,35000,42500,5000,q,-1,0.010,0.0015,0
radiosonde,7200,35000,42500,6500,u,-1,6.500,1.0,0
radiosonde,7200,35000,42500,6500,v,-1,-1.000,1.0,0
radiosonde,7200,35000,42500,6500,t,-1,245.750,1.0,0
radiosonde,7200,35000,42500,6500,q,-1,0.010,0.0015,0
radiosonde,9000,35000,42500,8000,u,-1,6.500,1.0,0
radiosonde,9000,35000,42500,8000,v,-1,-1.000,1.0,0
radiosonde,9000,35000,42500,8000,t,-1,236.000,1.0,0
radiosonde,9000,35000,42500,8000,q,-1,0.010,0.0015,0
radiosonde,10800,35000,42500,9500,u,-1,6.500,1.0,0
radiosonde,10800,35000,42500,9500,v,-1,-1.000,1.0,0
radiosonde,10800,35000,42500,9500,t,-1,226.250,1.0,0
radiosonde,10800,35000,42500,9500,q,-1,0.010,0.0015,0
radiosonde,12600,35000,42500,11000,u,-1,6.500,1.0,0
radiosonde,12600,35000,42500,11000,v,-1,-1.000,1.0,0
radiosonde,12600,35000,42500,11000,t,-1,216.500,1.0,0
radiosonde,12600,35000,42500,11000,q,-1,0.010,0.0015,0
surface,0,15000,18000,10,t,-1,288.000,1.0,0
surface,0,15000,18000,10,u,-1,3.000,1.5,0
surface,0,15000,18000,10,v,-1,-1.000,1.5,0
surface,0,15000,18000,10,ps,-1,101200.000,100.0,0
surface,0,19000,21500,10,t,-1,285.000,1.0,0
surface,0,19000,21500,10,u,-1,4.000,1.5,0
surface,0,19000,21500,10,v,-1,-1.200,1.5,0
surface,0,19000,21500,10,ps,-1,101150.000,100.0,0
surface,0,23000,25000,10,t,-1,282.000,1.0,0
surface,0,23000,25000,10,u,-1,5.000,1.5,0
surface,0,23000,25000,10,v,-1,-1.400,1.5,0
surface,0,23000,25000,10,ps,-1,101100.000,100.0,0
surface,0,27000,28500,10,t,-1,279.000,1.0,0
surface,0,27000,28500,10,u,-1,6.000,1.5,0
surface,0,27000,28500,10,v,-1,-1.600,1.5,0
surface,0,27000,28500,10,ps,-1,101050.000,100.0,0
surface,0,31000,32000,10,t,-1,276.000,1.0,0
surface,0,31000,32000,10,u,-1,7.000,1.5,0
surface,0,31000,32000,10,v,-1,-1.800,1.5,0
surface,0,31000,32000,10,ps,-1,101000.000,100.0,0
surface,0,35000,35500,10,t,-1,273.000,1.0,0
surface,0,35000,35500,10,u,-1,8.000,1.5,0
surface,0,35000,35500,10,v,-1,-2.000,1.5,0
surface,0,35000,35500,10,ps,-1,100950.000,100.0,0
surface,0,39000,39000,10,t,-1,270.000,1.0,0
surface,0,39000,39000,10,u,-1,9.000,1.5,0
surface,0,39000,39000,10,v,-1,-2.200,1.5,0
surface,0,39000,39000,10,ps,-1,100900.000,100.0,0
surface,0,43000,42500,10,t,-1,267.000,1.0,0
surface,0,43000,42500,10,u,-1,10.000,1.5,0
surface,0,43000,42500,10,v,-1,-2.400,1.5,0
surface,0,43000,42500,10,ps,-1,100850.000,100.0,0
surface,0,47000,46000,10,t,-1,264.000,1.0,0
surface,0,47000,46000,10,u,-1,11.000,1.5,0
surface,0,47000,46000,10,v,-1,-2.600,1.5,0
surface,0,47000,46000,10,ps,-1,100800.000,100.0,0
surface,0,51000,49500,10,t,-1,261.000,1.0,0
surface,0,51000,49500,10,u,-1,12.000,1.5,0
surface,0,51000,49500,10,v,-1,-2.800,1.5,0
surface,0,51000,49500,10,ps,-1,100750.000,100.0,0
